asset-manifest.json	820
favicon.ico	22382
index.html	2231
logo192.png	8581
logo512.png	22920
manifest.json	492
precache-manifest.ffa61dd71fa98ecddd1d1cd1bfc8ec7d.js	646
robots.txt	57
service-worker.js	1183
static/css/main.b100e6da.chunk.css	586
static/css/main.b100e6da.chunk.css.map	1069
static/js/2.cd930777.chunk.js	125747
static/js/2.cd930777.chunk.js.map	374219
static/js/main.33fe11eb.chunk.js	962
static/js/main.33fe11eb.chunk.js.map	6742
static/js/runtime-main.d52357dd.js	1563
static/js/runtime-main.d52357dd.js.map	8278
static/media/logo.25bf045c.svg	8205
asset-manifest.json	820
favicon.ico	22382
index.html	2231
logo192.png	8581
logo512.png	22920
manifest.json	492
precache-manifest.ffa61dd71fa98ecddd1d1cd1bfc8ec7d.js	646
robots.txt	57
service-worker.js	1183
static/css/main.b100e6da.chunk.css	586
static/css/main.b100e6da.chunk.css.map	1069
static/js/2.cd930777.chunk.js	125747
static/js/2.cd930777.chunk.js.map	374219
static/js/main.33fe11eb.chunk.js	962
static/js/main.33fe11eb.chunk.js.map	6742
static/js/runtime-main.d52357dd.js	1563
static/js/runtime-main.d52357dd.js.map	8278
static/media/logo.25bf045c.svg	8205
