fileName,filePath
asset-manifest.json,asset-manifest.json
favicon.ico,favicon.ico
index.html,index.html
logo192.png,logo192.png
logo512.png,logo512.png
manifest.json,manifest.json
precache-manifest.ffa61dd71fa98ecddd1d1cd1bfc8ec7d.js,precache-manifest.ffa61dd71fa98ecddd1d1cd1bfc8ec7d.js
robots.txt,robots.txt
service-worker.js,service-worker.js
main.b100e6da.chunk.css,static/css/main.b100e6da.chunk.css
main.b100e6da.chunk.css.map,static/css/main.b100e6da.chunk.css.map
2.cd930777.chunk.js,static/js/2.cd930777.chunk.js
2.cd930777.chunk.js.map,static/js/2.cd930777.chunk.js.map
main.33fe11eb.chunk.js,static/js/main.33fe11eb.chunk.js
main.33fe11eb.chunk.js.map,static/js/main.33fe11eb.chunk.js.map
runtime-main.d52357dd.js,static/js/runtime-main.d52357dd.js
runtime-main.d52357dd.js.map,static/js/runtime-main.d52357dd.js.map
logo.25bf045c.svg,static/media/logo.25bf045c.svg
